 DELETE FROM [dbo].[DeadPeople]
 DELETE FROM [dbo].[Obituaries]
 DELETE FROM [dbo].[Lodgings]
 DELETE FROM [dbo].[News]


SET IDENTITY_INSERT [dbo].[DeadPeople] ON
INSERT INTO [dbo].[DeadPeople] ([IdDeadPerson], [Name], [LodgingId], [DateOfBirth], [DateOfDeath]) VALUES
(0, N'Karol Wysocki', 0, '1911/12/08', '1953/04/29'),
(1, N'Janusz Wysocki', 0, '1935/07/08', '1953/05/29'),
(2, N'Kuba Wysocki', 0, '1906/02/15', '1953/06/15'),
(3, N'B³a¿ej Wysocki', 0, '1939/09/20', '1954/07/29'),
(4, N'Mateusz Stêpieñ', 1, '1904/05/02', '1954/02/12'),
(5, N'Oktawian Stêpieñ', 1, '', '1955/01/31'),
(6, N'Dariusz Stêpieñ', 1, '1904/04/05', '1955/01/02'),
(7, N'Krystian Zieliñski', 2, '1911/03/15', '1956/08/31'),
(8, N'Dawid Zieliñski', 2, '1916/01/16', '1956/09/31'),
(9, N'Wies³aw Zieliñski', 2, '', '1957/11/31'),
(10, N'Anastazy Czarnecki', 3, '1901/02/09', '1957/12/09'),
(11, N'Kryspin Czarnecki', 3, '1901/02/09', '1957/01/09'),
(12, N'Joanna CzarneckA', 3, '1901/02/09', '1958/10/09'),
(13, N'Kacper Czarnecki', 3, '', '1958/03/24'),
(14, N'Amadeusz Wiœniewski', 4, '1903/01/31', '1959/04/31'),
(15, N'Jêdrzej Wiœniewski', 4, '1929/11/06', '1959/07/28'),
(16, N'Bo¿ydar Wiœniewski', 4, '1930/10/12', '1961/03/28'),
(17, N'Ignacy Zió³kowska', 5, '1935/10/21', '1961/02/15'),
(18, N'Przemys³aw Zió³kowski', 5, '1911/12/08', '1962/05/26'),
(19, N'Krystian Zió³kowska', 5, '1950/02/15', '1962/07/26'),
(20, N'Emanuel Kubiak', 5, '1911/12/08', '1965/08/31'),
(21, N'Czes³aw Sikora', 6, '1912/12/08', '1965/09/26'),
(22, N'Kazimierz Sikora', 6, '1950/02/15', '1964/02/15'),
(23, N'Bruno Sikora', 6, '1939/02/15', '1964/08/31'),
(24, N'Micha³ Kaczmarczyk', 7, '1900/08/31', '1969/08/31'),
(25, N'Bart³omiej Kaczmarczyk', 7, '1950/05/01', '1969/08/31'),
(26, N'Rafa³ Kaczmarczyk', 7, '1920/04/05', '1969/08/21'),
(27, N'Julia Kaczmarczyk', 7, '1911/03/15', '1969/08/24'),
(28, N'Joachim Kwiatkowski', 8, '1916/01/16', '1961/08/24'),
(29, N'Piotr Kwiatkowski', 8, '1920/02/12', '1961/08/31'),
(30, N'Czes³aw Kwiatkowski', 8, '', '1961/05/14'),
(31, N'Marcel Jasiñski', 9, '1907/12/09', '1961/08/01'),
(32, N'Borys Jasiñski', 9, '1909/08/09', '1961/12/09'),
(33, N'Fryderyk Jasiñski', 9, '1900/03/24', '1968/03/24'),
(34, N'Norbert Krupa', 9, '1943/01/31', '1968/08/31'),
(35, N'Rados³aw Jasiñski', 9, '1979/11/06', '1971/08/31'),
(36, N'Fabian Brzeziñski', 10, '1930/10/12', '1971/08/31'),
(37, N'Eustachy Brzeziñski', 10, '1935/10/21', '1971/02/15'),
(38, N'Kajetan Brzeziñski', 10, '1911/12/08', '1971/08/27'),
(39, N'Olgierd Brzeziñski', 10, '1950/02/15', '1973/08/27'),
(40, N'Ksawery Mazur', 11, '1911/12/08', '1973/08/31'),
(41, N'Igor Mazur', 11, '1911/12/08', '1972/08/31'),
(42, N'Roman Szewczyk', 12, '1950/02/15', '1972/02/15'),
(43, N'Przemys³aw Szewczyk', 12, '1939/02/15', '1974/08/25'),
(44, N'Julian Szulc', 13, '', '1974/08/31'),
(45, N'Patryk Malinowski', 14, '1950/05/01', '1974/08/26'),
(46, N'Diego Malinowski', 14, '1920/04/05', '1974/08/24'),
(47, N'Kornel Malinowski', 14, '1911/03/15', '1975/08/07'),
(48, N'Alex WoŸniak', 15, '1916/01/16', '1975/08/31'),
(49, N'Eustachy WoŸniak', 15, '1980/02/12', '1976/08/31'),
(50, N'Józef WoŸniak', 15, '1901/02/09', '1976/02/09'),
(51, N'Krystian WoŸniak', 15, '1901/02/09', '1976/02/09'),
(52, N'Janusz Nowak', 16, '1901/02/09', '1977/02/09'),
(53, N'Oskar Nowak', 16, '1900/03/24', '1977/03/09'),
(54, N'Miros³aw W³odarczyk', 17, '1943/01/31', '1977/08/07'),
(55, N'Adam W³odarczyk', 17, '1979/11/06', '1977/08/08'),
(56, N'Heronim Czarnecki', 18, '1930/10/12', '1978/08/04'),
(57, N'Gabriel Czarnecki', 18, '1935/10/21', '1979/02/15'),
(58, N'Cyprian Czarnecki', 18, '1911/12/08', '1979/08/31'),
(59, N'Diego B¹k', 19, '1950/02/15', '1979/08/31'),
(60, N'Maciej B¹k', 19, '1911/12/08', '1979/08/31'),
(61, N'Jakub Jakubowski', 20, '1911/12/08', '1979/08/31'),
(62, N'Adrian Jakubowski', 20, '1950/02/15', '1979/02/15'),
(63, N'Konstanty Jakubowski', 20, '1939/02/15', '1981/08/31'),
(64, N'Roman Sawicki', 21, '1900/08/31', '1981/08/31'),
(65, N'Mateusz Sawicki', 21, '1950/05/01', '1981/08/31'),
(66, N'Amir Sawicki', 21, '1920/04/05', '1981/08/31'),
(67, N'£ukasz Sawicki', 21, '1911/03/15', '1981/08/31'),
(68, N'Piotr Sawicki', 21, '1916/01/16', '1983/08/31'),
(69, N'Remigiusz Sawicki', 21, '1980/02/12', '1983/08/31'),
(70, N'Kacper Pietrzak', 22, '1901/02/09', '1983/02/09'),
(71, N'Mieszko Pietrzak', 22, '', '1983/02/09'),
(72, N'Edward Pietrzak', 22, '1901/02/09', '1983/02/09'),
(73, N'Milan B³aszczyk', 23, '1900/03/24', '1985/03/17'),
(74, N'Krystian B³aszczyk', 23, '1943/01/31', '1985/08/19'),
(75, N'Boles³aw B³aszczyk', 24, '1979/11/06', '1985/08/19'),
(76, N'Alan Baran', 25, '1930/10/12', '1985/08/31'),
(77, N'Kuba Baran', 25, '1935/10/21', '1985/02/15'),
(78, N'Mariusz Baran', 25, '1911/12/08', '1985/08/31'),
(79, N'Aleks Rutkowski', 24, '1950/02/15', '1985/08/31'),
(80, N'Norbert Rutkowski', 24, '1911/12/08', '1986/08/31'),
(81, N'Emanuel Zakrzewska', 26, '1911/12/08', '1987/08/31'),
(82, N'Korneliusz Zakrzewska', 26, '1950/02/15', '1989/02/15'),
(83, N'Kuba Zakrzewska', 26, '1939/02/15', '1989/08/31'),
(84, N'Bart³omiej Sawicki', 24, '1900/08/31', '1991/08/31'),
(85, N'Kacper Adamski', 27, '1950/05/01', '1991/08/31'),
(86, N'Bruno Wojciechowski', 28, '1920/04/05', '1992/08/31'),
(87, N'Robert Adamski', 27, '1911/03/15', '1992/08/31'),
(88, N'Natan Adamski', 27, '1916/01/16', '1992/08/19'),
(89, N'Micha³ Wojciechowski', 28, '1980/02/12', '1992/08/19'),
(90, N'Arkadiusz Wojciechowski', 28, '1901/02/09', '1901/02/09'),
(91, N'Jakub Walczak', 29, '1901/02/09', '1901/02/09'),
(92, N'Albert Walczak', 29, '1901/02/09', '1901/02/09'),
(93, N'Bruno Marciniak', 30, '1900/03/24', '1992/03/24'),
(94, N'Kazimierz Marciniak', 30, '1943/01/31', '1992/08/18'),
(95, N'Kordian Michalak', 31, '1979/11/06', '1992/08/31'),
(96, N'Remigiusz Koz³owski', 32, '1930/10/12', '1992/08/31'),
(97, N'Micha³ Koz³owski', 32, '1935/10/21', '1992/02/15'),
(98, N'Eugeniusz Koz³owski', 32, '1911/12/08', '1995/08/18'),
(99, N'Józef Wróblewski', 34, '1950/02/15', '1995/08/31'),
(100, N'Kornel Michalak', 31, '1911/12/08', '1996/08/18'),
(101, N'£ukasz Michalak', 31, '1911/12/08', '1996/08/31'),
(102, N'Arkadiusz Michalak', 31, '1950/02/15', '1996/02/15'),
(103, N'Gniewomir D¹browski', 32, '1939/02/15', '1996/08/18'),
(104, N'Krystian D¹browski', 32, '1900/08/31', '1996/08/18'),
(105, N'Krystian Rutkowski', 34, '1950/05/01', '1996/08/31'),
(106, N'Edward Krawczyk', 38, '1920/04/05', '1996/08/31'),
(107, N'Klaudiusz Krawczyk', 38, '1911/03/15', '1998/08/31'),
(108, N'Boles³aw Krawczyk', 38, '1916/01/16', '1998/08/31'),
(109, N'Leszek Szymczak', 39, '1980/02/12', '1998/08/31'),
(110, N'Marcin Szymczak', 39, '1901/02/09', '1998/02/09'),
(111, N'Eugeniusz Szymczak', 39, '1901/02/09', '1998/02/09'),
(112, N'Ksawery Sikorski', 40, '1901/02/09', '1998/02/09'),
(113, N'Przemys³aw Sikorski', 40, '1900/03/24', '1998/03/24'),
(114, N'Emil Sikorska', 40, '1943/01/31', '1999/08/31'),
(115, N'Patryk Sikorska', 40, '1979/11/06', '1999/08/31'),
(116, N'Ariel Krajewska', 41, '1930/10/12', '1999/08/17'),
(117, N'Alek Krajewska', 41, '1935/10/21', '1990/02/15'),
(118, N'Filip Piotrowski', 42, '1911/12/08', '1990/08/31'),
(119, N'Alan Piotrowski', 42, '1950/02/15', '1990/06/31'),
(120, N'Boles³aw Pawlak', 43, '1911/12/08', '1990/05/17'),
(121, N'Marek Pietrzak', 44, '1911/12/08', '1990/07/31'),
(122, N'Filip Piotrowski', 45, '1950/02/15', '1990/03/15'),
(123, N'Gabriel Pawlak', 46, '1939/02/15', '2000/02/31'),
(124, N'Marcel Sadowska', 47, '1900/08/31', '2000/08/17'),
(125, N'Alfred Borkowski', 48, '1950/05/01', '2000/05/15'),
(126, N'Artur Borkowski', 48, '1920/04/05', '2000/06/21'),
(127, N'Piotr Borkowski', 48, '1911/03/15', '2000/07/12'),
(128, N'Igor Mazurek', 49, '1916/01/16', '2000/02/31'),
(129, N'Miros³aw Adamski', 50, '1980/02/12', '2001/08/31'),
(130, N'Adam Adamski', 50, '1901/02/09', '2001/04/09'),
(131, N'Ada Adamska', 50, '1901/02/09', '2001/05/09'),
(132, N'Anastazy Kowalczyk', 51, '1901/02/09', '2001/02/09'),
(133, N'Bronis³aw Kowalczyk', 51, '1900/03/24', '2002/03/24'),
(134, N'Jan Mróz', 51, '1943/01/31', '2002/04/31'),
(135, N'Grzegorz Mróz', 51, '1979/11/06', '2002/05/31'),
(136, N'Karol Tomaszewski', 52, '1930/10/12', '2002/06/31'),
(137, N'Milan Tomaszewski', 52, '1935/10/21', '2003/07/15'),
(138, N'Ksawery Szewczyk', 53, '1911/12/08', '2003/06/14'),
(139, N'Krzysztof Szewczyk', 53, '1950/02/15', '2003/04/11'),
(140, N'Bart³omiej Szewczyk', 53, '1911/12/08', '2003/12/11'),
(141, N'Joachim Baranowski', 54, '1911/12/08', '2003/07/31'),
(142, N'Klaudiusz Zawadzki', 55, '1950/02/15', '2004/11/15'),
(143, N'Gniewomir Zalewski', 56, '1939/02/15', '2004/10/14'),
(144, N'Borys Zalewski', 56, '1900/08/31', '2004/09/31'),
(145, N'Albert KaŸmierczak', 57, '1950/05/01', '2004/08/31'),
(146, N'Eugeniusz KaŸmierczak', 57, '1920/04/05', '2005/07/31'),
(147, N'Korneliusz Przybylski', 58, '1911/03/15', '2005/02/31'),
(148, N'Aleksy Maciejewski', 59, '1916/01/16', '2005/01/31'),
(149, N'Dominik Jaworski', 60, '1980/02/12', '2005/04/31'),
(150, N'£ukasz Jaworski', 60, '1901/02/09', '2006/06/09'),
(151, N'Aleks Jaworski', 60, '1901/02/09', '2006/07/09'),
(152, N'Kewin Jaworski', 60, '1901/02/09', '2007/08/09'),
(153, N'Kornel W³odarczyk', 61, '1900/03/24', '2007/03/24'),
(154, N'Janusz Czerwiñski', 62, '1943/01/31', '2007/04/31'),
(155, N'Franciszek Czerwiñski', 62, '1979/11/06', '2007/08/31'),
(156, N'Olaf Czerwiñski', 62, '1930/10/12', '2008/06/31'),
(157, N'Kamila CzerwiñskA', 62, '1935/10/21', '2008/05/15'),
(158, N'Ewelina CzerwiñskA', 62, '1911/12/08', '2008/07/31'),
(159, N'Miron Czerwiñski', 62, '1950/02/15', '2008/05/31'),
(160, N'Klaudiusz Ostrowski', 63, '1911/12/08', '2008/04/31'),
(161, N'Ernest Ostrowski', 63, '1911/12/08', '2009/01/31'),
(162, N'Roman Ostrowski', 63, '1950/02/15', '2009/02/15'),
(163, N'Norbert Ostrowski', 63, '1939/02/15', '2009/01/31'),
(164, N'Olgierd Ostrowski', 63, '1950/08/31', '2009/04/31'),
(165, N'Kordian Marciniak', 64, '1950/05/01', '2009/11/31'),
(166, N'Marek Kowalczyk', 65, '1960/04/05', '2009/12/31'),
(167, N'Klaudiusz Przybylski', 66, '1941/03/15', '2010/07/31'),
(168, N'Aureliusz Rutkowski', 67, '1956/01/16', '2010/10/31'),
(169, N'Antoni Rutkowski', 67, '1980/02/12', '2010/08/31'),
(170, N'Arkadiusz Lis', 68, '1951/02/09', '2011/02/09'),
(171, N'Mateusz Lis', 68, '1931/02/09', '2011/05/09'),
(172, N'Florian Lis', 68, '1941/02/09', '2011/04/09'),
(173, N'Joachim Lis', 68, '1920/03/24', '2011/11/24'),
(174, N'Gabriel Chmielewski', 69, '1943/01/31', '2012/09/31'),
(175, N'Mariusz Chmielewski', 69, '1979/11/06', '2012/10/31'),
(176, N'Antoni Chmielewski', 69, '1930/10/12', '2012/12/31'),
(177, N'Pawe³ Chmielewski', 69, '1945/10/21', '2012/11/15'),
(178, N'Bart³omiej Chmielewski', 69, '1961/11/08', '2013/01/31'),
(179, N'Olaf Pow¹zka', 70, '1970/02/15', '2013/03/31'),
(180, N'Dariusz Pow¹zka', 70, '1941/12/08', '2015/09/31'),
(181, N'Kajetan Pow¹zka', 70, '1941/12/08', '2015/06/31'),
(182, N'Lucjan Pow¹zka', 70, '1950/02/15', '2016/08/15'),
(183, N'Alex Szymañski', 71, '1969/02/15', '2016/04/31'),
(184, N'Leszek Szymañski', 71, '1940/08/31', '2017/03/31'),
(185, N'Mieszko Szymañski', 71, '1950/05/01', '2017/05/31'),
(186, N'Miron Kowalski', 72, '1960/04/05', '2017/02/31'),
(187, N'Gniewomir Kowalski', 72, '1951/03/15', '2017/05/31'),
(188, N'Jan Kowalski', 72, '1986/01/16', '2019/07/31'),
(189, N'Rafa³ Zawadzki', 73, '1980/02/12', '2019/08/31'),
(190, N'Maksymilian Zawadzki', 73, '1941/02/09', '2019/05/09'),
(191, N'Damian Zawadzki', 73, '1961/02/09', '2019/04/09'),
(192, N'Olaf Zawadzki', 73, '1981/02/09', '2010/02/22'),
(193, N'Franciszek Kajdan', 74, '1980/03/24', '2010/07/15'),
(194, N'Jan Wojciechowski', 75, '1963/01/31', '2010/03/04'),
(195, N'Maciej Lipiñski', 76, '1989/11/06', '2010/08/01'),
(196, N'Dominika Marciniak', 77, '1960/10/12', '2020/02/27'),
(197, N'Gniewomir Sawicki', 78, '1975/10/21', '2020/07/15'),
(198, N'Igor Wiœniewski', 79, '1981/12/08', '2020/01/15'),
(199, N'£ukasz KaŸmierczak', 80, '1980/02/15', '2020/04/02'),
(200, N'Adrian Kula', 81, '1941/12/08', '2020/06/24');
GO
SET IDENTITY_INSERT [dbo].[DeadPeople] OFF

SET IDENTITY_INSERT [dbo].[News] ON
INSERT INTO [dbo].News (Id, Title, NewsContent, DateOfPublication) VALUES
(0, N'Wszystkich œwiêtych.', N'PaŸdziernik i listopad jest zazwyczaj czasem wytê¿onej pracy na Cmentarzu oraz w jego Kancelarii. Jednak w tym roku wizyta na grobach bêdzie niemo¿liwa z powodu panuj¹cej pandemii. Proszê siê jednak nie martwiæ, kancelaria zadba o cmentarz przez te œwiêta. Natomiast Pañstwa zapraszamy w odwiedziny grobów gdy cmentarze bêd¹ ju¿ otwarte. Wszystkim Pañstwu ¿yczymy zdrowia w tych trudnych czasach.', '2020/10/10'),
(1, N'Renowacja ogrodzenia', N'Uprzejmie informujemy, ¿e w okresie czasu od 1.09.2020r. do 20.09.2020r. odbêdzie siê renowacja uszkodzonych elementów ogrodzenia cmentarza. Osoby odwiedzaj¹ce groby prosimy o zachowanie ostro¿noœci w okolicach prac.', '2020/08/10'),
(2, N'Akacja "Kupujemy kwiaty"', N'Z racji pandemii która obecnie opanowa³a ca³y œwiat, w dniu Wszystkich Œwiêtych cmentarze zostan¹ zamkniête. Jednak¿e nie zapominajmy o osobach które z tego powodu ponios¹ du¿e koszta finansowe. wesprzyjmy kwiaciarzy i odkupmy od nich kwiaty, by te ma³e biznesy które co roku zapewniaj¹ nam piêkne bukiety na groby naszych zmar³ych mog³y przetrwaæ ten trudny okres.', '2020/11/09'),
(3, N'Zamkniêcie cmentarza.', N'W dniu 7 listopada rz¹d w trosce o nasze zdrowie podj¹³ trudna decyzje o zamkniêciu cmentarzy na czas bli¿ej nie okreœlony. Spowodowane jest to panuj¹c¹ na œwiecie pandemi¹ i wzrostem zachorowañ. Jest nam niezmiernie przykro ale w tym roku nie bêdzie mo¿liwe odwiedzenia grobów w okresie Wszystkich Œwiêtych. ¯yczymy zdrowia.', '2020/11/07'),
(4, N'Sprz¹tanie œwiata.', N'Akcja sprz¹tanie œwiata zawita³a równie¿ na nasz cmentarz. Chêtnych do pomocy oczyszczenia cmentarza jak i okolic cmentarnych ze zu¿ytych zniczy, zwiêd³ych kwiatów oraz ogólnie pojêtych œmieci zapraszamy 18.09. o godzinie 10:00. Rêkawiczki ochronne oraz worki na œmieci zapewni cmentarz.', '2020/09/01'),
(5, N'Zniszczone nagrobki.', N'Kancelaria szuka ochotników do pomocy przy odbudowie oraz renowacji po ostatnich anomalniach pogodowych. Wichury które nawiedzi³y nasz kraj zniszczy³y co poniektóre pomniki. Dlatego w³aœnie prosimy o pomoc ochotników. Osoby chêtne do pomocy proszone s¹ o osobisty kontakt z kancelaria.', '2019/09/30'),
(6, N'Prace serwisowe', N'W dniach od 02.02.2019 do 04.02.2019 strona cmentarza bêdzie nie dostêpna z powodu prac technicznych.Za utrudnienia przepraszamy.', '2019/01/20'),
(7, N'Wymiana bramy.', N'W dniu 15.05.2019 g³ówne wejœcie do cmentarza bêdzie zablokowane bêdzie to spowodowane wstawianiem przez firmê remontow¹ nowej bramy wszystkich odwiedzaj¹cych prosimy o skorzystanie z wejœcia wschodniego.', '2019/05/10'),
(8, N'Akcja zni¿kowa', N'W okresie 01.06.2019-11.06.2019 obowi¹zywaæ bêdzie 10% zni¿ka na kwatery, sprz¹tanie grobów, nagrobki. Zainteresowanych prosimy o kontakt z kancelaria pod numerem 789 456 123 albo  osobiœcie.', '2019/05/01'),
(9, N'Remont Parkingu.', N'W dniu 01.04.2020 rozpocznie siê powiêkszanie oraz remont parkingu przy cmentarzy. Podczas remontu nie mo¿liwe bêdzie korzystanie z tego parkingu dlatego wszystkich odwiedzaj¹cych prosimy o parkowanie swoich pojazdów na parkingu pobliskiego sklepu spo¿ywczego.Przepraszamy za utrudnienia i dziêkujemy.', '2020/03/15');

GO
SET IDENTITY_INSERT [dbo].[News] OFF

SET IDENTITY_INSERT [dbo].[Lodgings] ON
INSERT INTO [dbo].Lodgings (IdLodge, LodgingType, isMonument, isReserved, PeopleLimit) VALUES
(0, 1, 1, 1, 6),
(1, 1, 1, 1, 6),
(2, 1, 1, 1, 6),
(3, 1, 1, 1, 6),
(4, 1, 1, 1, 6),
(5, 1, 0, 1, 4),
(6, 1, 0, 1, 4),
(7, 1, 0, 1, 4),
(8, 1, 0, 1, 4),
(9, 1, 1, 1, 6),
(10, 1, 0, 1, 4),
(11, 0, 0, 1, 2),
(12, 0, 0, 1, 2),
(13, 0, 1, 1, 3),
(14, 0, 1, 1, 3),
(15, 1, 0, 1, 4),
(16, 1, 0, 1, 4),
(17, 1, 0, 1, 4),
(18, 1, 0, 1, 4),
(19, 0, 1, 1, 3),
(20, 1, 0, 1, 4),
(21, 1, 1, 1, 6),
(22, 1, 1, 1, 6),
(23, 1, 1, 1, 6),
(24, 1, 1, 1, 6),
(25, 1, 0, 1, 4),
(26, 1, 0, 1, 4),
(27, 1, 0, 1, 4),
(28, 1, 0, 1, 4),
(29, 1, 1, 1, 6),
(30, 1, 1, 1, 6),
(31, 1, 1, 1, 6),
(32, 1, 1, 1, 6),
(33, 1, 1, 1, 6),
(34, 1, 1, 1, 6),
(35, 1, 0, 1, 4),
(36, 1, 0, 1, 4),
(37, 1, 0, 1, 4),
(38, 1, 0, 1, 4),
(39, 1, 1, 1, 6),
(40, 1, 1, 1, 6),
(41, 0, 0, 1, 2),
(42, 0, 0, 1, 2),
(43, 0, 0, 1, 2),
(44, 0, 0, 1, 2),
(45, 0, 1, 1, 3),
(46, 0, 0, 1, 2),
(47, 0, 0, 1, 2),
(48, 0, 1, 1, 3),
(49, 0, 0, 1, 2),
(50, 1, 0, 1, 4),
(51, 1, 1, 1, 6),
(52, 1, 1, 1, 6),
(53, 1, 1, 1, 6),
(54, 1, 1, 1, 6),
(55, 1, 0, 1, 4),
(56, 1, 0, 1, 4),
(57, 1, 0, 1, 4),
(58, 1, 0, 1, 4),
(59, 1, 1, 1, 6),
(60, 1, 1, 1, 6),
(61, 1, 1, 1, 6),
(62, 1, 1, 1, 6),
(63, 1, 1, 1, 6),
(64, 1, 1, 1, 6),
(65, 1, 0, 1, 4),
(66, 1, 0, 1, 4),
(67, 1, 0, 1, 4),
(68, 1, 0, 1, 4),
(69, 1, 1, 1, 6),
(70, 1, 1, 1, 6),
(71, 1, 0, 1, 4),
(72, 1, 1, 1, 6),
(73, 1, 1, 1, 6),
(74, 1, 0, 1, 4),
(75, 1, 0, 1, 4),
(76, 1, 1, 1, 6),
(77, 1, 1, 1, 6),
(78, 1, 0, 1, 4),
(79, 1, 1, 1, 6),
(80, 1, 0, 1, 6),
(81, 1, 1, 1, 6),
(82, 1, 1, 0, 6),
(83, 1, 1, 0, 6),
(84, 1, 1, 0, 6),
(85, 1, 0, 0, 4),
(86, 1, 0, 0, 4),
(87, 1, 0, 0, 4),
(88, 1, 0, 0, 4),
(89, 1, 1, 0, 6),
(90, 1, 1, 0, 6),
(91, 1, 1, 0, 6),
(92, 1, 1, 0, 6),
(93, 1, 1, 0, 6),
(94, 1, 1, 0, 6),
(95, 1, 0, 0, 4),
(96, 1, 0, 0, 4),
(97, 1, 0, 0, 4),
(98, 1, 0, 0, 4),
(99, 1, 1, 0, 6);

GO
SET IDENTITY_INSERT [dbo].[Lodgings] OFF

SET IDENTITY_INSERT [dbo].[Obituaries] ON
INSERT INTO [dbo].Obituaries (Id, Name, ObituaryContent, DateOfDeath_Obituary) VALUES
(0, N'Adrian Kula', N'W dniu 31 czerwca po¿egnaliœmy z naszego grona Pana Artura. Ukochanego mê¿a, dziadka i przyjaciela. Panie œwieæ oraz miej go w swej opiece. Nabo¿eñstwo ¿a³obne odbêdzie siê 26 czerwca o godzinie 12:00. Po czym nast¹pi odprowadzenie drogiego nam Adriana na cmentarz.', '2020/06/24'),
(1, N'£ukasz KaŸmierczak', N'W dniu 31 kwietnia po¿egnaliœmy z naszego grona Pana £ukasz. Ukochanego mê¿a i przyjaciela. Panie œwieæ oraz miej go w swej opiece. Nabo¿eñstwo ¿a³obne odbêdzie siê 4 kweitnia o godzinie 12:00. Po czym nast¹pi odprowadzenie drogiego nam £ukasza na cmentarz.', '2020/04/02'),
(2, N'Igor Wiœniewski', N'W dniu 31 stycznia po¿egnaliœmy z naszego grona Pana Igora. Ukochanego mê¿a i przyjaciela. Panie œwieæ oraz miej go w swej opiece. Nabo¿eñstwo ¿a³obne odbêdzie siê 19 stycznia o godzinie 12:00. Po czym nast¹pi odprowadzenie drogiego nam Igora na cmentarz.', '2020/01/15'),
(3, N'Gniewomir Sawicki', N'W dniu 15 lipca po¿egnaliœmy z naszego grona Pana Gniewomira. Ukochany m¹¿, dziadek i przyjaciel. Panie œwieæ miej go w swej opiece. Nabo¿eñstwo ¿a³obne odbêdzie siê 18 lipca o godzinie 12:00. Po czym nast¹pi odprowadzenie drogiego nam Gniewomira na cmentarz.', '2020/07/15'),
(4, N'Dominika Marciniak', N'W dniu 31 lutego po¿egnaliœmy z naszego grona Pani¹ Dominikê. Ukochana ¿ona, babcia. Panie œwieæ oraz miej j¹ w swej opiece. Nabo¿eñstwo ¿a³obne odbêdzie siê 2 marca o godzinie 12:00. Po czym nast¹pi odprowadzenie drogiej nam Dominiki na cmentarz.', '2020/02/27');

GO
SET IDENTITY_INSERT [dbo].[Obituaries] OFF